地方,気温,湿度,風速,日射量,乾燥時間
四国,19.4,69,1.0,0.25,438
沖縄,33.8,35,4.6,0.35,123
北海道,28.3,40,2.8,0.26,265
沖縄,25.0,84,4.2,0.18,413
九州,13.9,66,1.9,0.21,407
近畿,13.9,31,4.5,0.51,199
関東,11.5,36,2.3,0.29,319
四国,31.7,70,0.5,0.43,332
九州,25.0,30,4.6,0.55,121
近畿,27.7,40,0.9,0.72,185
中国,10.5,63,1.9,0.14,478
北海道,34.2,72,4.8,0.82,213
北陸,30.8,69,4.8,0.67,243
北陸,15.3,43,3.1,0.17,336
沖縄,14.5,73,3.3,0.89,370
中部,14.6,44,2.5,0.93,251
近畿,17.6,50,1.8,0.15,340
中国,23.1,75,2.0,0.35,415
九州,20.8,69,3.5,0.83,282
北海道,17.3,81,3.9,0.77,459
近畿,25.3,69,4.1,0.27,325
中国,13.5,64,4.1,0.29,401
関東,17.3,36,0.9,0.43,279
四国,19.2,52,2.7,0.54,317
北陸,21.4,46,0.8,0.66,307
九州,29.6,45,3.0,0.43,180
北陸,15.0,88,2.5,0.52,555
九州,22.9,54,4.5,0.77,202
沖縄,24.8,84,2.1,0.13,462
中部,11.2,68,1.0,0.33,473
九州,25.2,78,1.1,0.74,351
北陸,14.3,60,3.9,0.91,368
沖縄,11.6,65,3.3,0.56,399
九州,33.7,60,1.0,0.58,258
関東,34.1,42,0.9,0.2,217
中部,30.2,73,3.7,0.5,274
九州,17.6,47,0.8,0.58,321
沖縄,12.4,31,4.2,0.32,290
近畿,27.1,69,3.7,0.34,309
東北,21.0,41,0.9,0.44,289
中国,13.1,86,0.9,0.12,560
東北,22.4,87,4.9,0.39,408
東北,10.9,85,2.2,0.29,558
北海道,32.7,52,2.2,0.39,263
関東,16.5,31,4.2,0.21,240
近畿,26.6,86,4.8,0.9,274
四国,17.8,56,4.9,0.63,283
九州,23.0,88,3.9,0.71,368
中国,23.7,88,2.2,0.81,405
中部,14.6,81,0.9,0.55,506
近畿,34.2,48,4.0,0.18,181
北陸,29.4,53,3.0,0.58,250
四国,33.5,81,2.4,0.63,304
北海道,32.4,49,4.6,0.77,133
北海道,24.9,40,1.0,0.49,288
近畿,33.0,63,2.7,0.21,266
沖縄,12.2,86,0.6,0.36,569
東北,14.9,72,2.6,0.43,433
北陸,11.1,64,0.8,0.68,453
北海道,18.1,36,1.0,0.61,321
中国,19.7,67,1.0,0.42,406
北海道,16.8,89,3.4,0.99,456
中部,30.7,38,3.9,0.65,121
九州,18.9,61,3.1,0.31,339
北海道,17.0,83,4.8,0.19,482
中部,23.6,74,2.2,0.24,389
近畿,13.5,72,1.8,0.32,462
近畿,30.1,72,4.4,0.24,278
四国,11.9,52,1.5,0.27,407
北海道,34.7,48,4.8,0.36,166
中国,29.3,79,0.6,0.26,406
北海道,15.0,79,4.9,0.91,389
中国,10.1,82,0.7,0.17,594
関東,30.4,85,4.5,0.57,285
四国,27.7,61,2.9,0.47,274
関東,28.2,60,5.0,0.98,160
北海道,29.3,78,0.8,0.2,452
四国,11.9,69,3.0,0.46,438
関東,19.0,72,4.9,0.97,307
東北,12.9,78,2.9,0.88,420
北海道,31.6,83,3.3,0.84,324
関東,25.6,50,3.6,0.33,253
東北,18.3,53,2.5,0.25,368
東北,11.6,36,3.3,0.7,309
近畿,17.8,65,3.1,0.94,302
北海道,18.1,32,4.6,0.6,243
東北,28.2,58,0.7,0.61,344
近畿,25.9,63,1.8,0.35,316
関東,32.2,47,4.8,0.79,99
中部,21.8,65,4.5,0.27,347
北海道,13.0,32,2.6,0.39,346
四国,27.8,32,3.3,0.48,144
中国,29.0,79,1.7,0.56,348
中国,24.0,52,1.3,0.32,311
関東,29.3,38,2.6,0.2,174
沖縄,22.3,61,2.1,0.65,311
沖縄,23.1,76,3.1,0.36,371
関東,20.7,43,0.8,0.62,265
東北,10.6,67,4.9,0.24,442
北海道,12.7,35,4.9,0.53,280
中国,10.8,33,3.6,0.58,298
中国,25.9,62,2.9,0.15,312
東北,17.9,62,1.9,0.4,423
中国,22.7,68,4.2,0.22,342
四国,32.7,74,3.6,0.16,304
北海道,16.2,89,1.2,0.99,500
九州,20.3,61,4.6,0.39,273
中国,28.9,49,4.2,0.83,165
関東,15.7,78,4.8,0.33,409
四国,11.9,46,3.8,0.71,310
中国,17.2,56,3.3,0.78,308
四国,14.0,35,2.4,0.64,312
近畿,33.2,32,4.7,0.52,54
九州,30.2,88,4.4,0.47,306
北陸,25.8,80,0.7,0.41,434
関東,31.8,72,0.6,0.94,268
関東,30.1,55,2.2,0.85,189
北海道,14.7,40,4.1,0.97,272
四国,32.3,39,4.9,0.21,160
東北,23.5,45,1.2,0.76,264
関東,30.2,63,3.2,0.94,189
四国,32.4,73,2.2,0.26,328
四国,18.0,70,4.9,0.16,373
中部,12.8,47,4.3,0.77,287
中部,15.7,87,4.3,0.62,434
北陸,20.7,74,2.6,0.86,355
近畿,30.5,63,2.4,0.23,312
北陸,31.5,67,1.7,0.82,310
中国,10.2,55,0.8,0.28,446
東北,22.8,45,4.4,0.25,258
中国,20.4,51,4.2,0.25,298
沖縄,15.6,75,5.0,0.83,364
中国,13.0,31,5.0,0.7,219
北海道,18.4,37,3.0,0.57,303
中国,33.6,33,4.0,0.42,98
北陸,18.1,32,4.8,0.89,174
関東,23.0,81,4.3,0.45,339
関東,27.6,72,1.6,0.83,291
中部,19.1,58,2.5,0.5,335
東北,34.3,36,1.1,0.44,210
東北,34.1,59,4.8,0.52,190
北海道,16.3,58,3.2,0.37,394
北陸,22.4,40,1.5,0.77,259
中部,17.5,56,3.5,0.55,331
沖縄,17.1,54,3.3,0.31,385
東北,10.9,67,2.1,0.91,419
関東,25.2,68,1.0,0.45,348
中国,22.6,33,3.5,0.59,196
中国,11.3,52,2.8,0.92,341
中部,17.0,68,4.0,0.66,371
北陸,32.7,60,2.8,0.21,295
北陸,16.0,81,4.3,0.95,395
近畿,13.6,70,3.0,0.66,401
九州,22.2,40,3.0,0.4,237
東北,34.6,34,4.4,0.23,140
北陸,16.1,69,2.3,0.81,410
関東,26.8,32,1.1,0.66,190
中部,29.0,65,0.6,0.58,330
沖縄,15.9,86,3.9,0.9,435
近畿,28.2,65,3.3,0.81,245
四国,19.2,53,3.7,0.24,320
北海道,25.8,69,1.5,0.38,392
沖縄,25.8,57,1.1,0.32,351
四国,23.4,63,0.6,0.77,323
中国,12.3,86,2.1,0.13,558
北海道,30.9,53,3.2,0.61,225
東北,18.0,88,2.3,0.79,463
関東,14.7,84,2.5,0.89,450
北海道,11.0,42,4.6,0.41,339
九州,24.8,34,2.1,0.84,153
四国,26.9,36,2.8,0.2,192
東北,10.4,31,4.0,0.86,265
九州,22.8,36,2.3,0.21,242
中国,15.7,71,3.3,0.46,439
九州,26.1,34,4.4,0.82,94
近畿,14.4,49,4.8,0.23,316
近畿,27.3,81,1.2,0.31,404
中部,19.7,31,4.7,0.75,178
沖縄,33.4,79,2.7,0.75,282
沖縄,13.4,47,1.7,0.68,348
東北,18.5,37,2.6,0.72,265
中国,12.8,72,4.9,0.59,390
北陸,33.1,68,2.7,0.33,297
近畿,31.9,83,2.0,0.41,347
東北,16.4,74,3.4,0.26,467
北陸,26.5,78,1.6,0.92,347
沖縄,30.4,47,0.8,0.63,231
中部,23.9,41,1.1,0.46,248
九州,23.2,75,1.1,0.52,399
近畿,16.0,78,1.2,0.95,393
東北,12.3,89,1.1,0.24,584
北海道,32.4,55,3.4,0.63,224
北陸,32.5,52,1.3,0.56,275
九州,25.8,77,2.1,0.65,332
近畿,18.5,50,4.5,0.12,293
沖縄,18.7,86,2.6,0.88,445
中国,28.1,82,3.5,0.94,275
北陸,32.4,56,1.3,0.61,229
沖縄,32.2,75,1.4,0.73,314
近畿,29.5,75,0.7,0.93,300
